"year","INEGI","ENTIDAD","POB","TOTAL","TASA_TOTAL"
1997,1,"AGUASCALIENTES",904251,355,39.3
1997,2,"BAJA CALIFORNIA",2256820,492,21.8
1997,3,"BAJA CALIFORNIA SUR",397482,60,15.1
1997,4,"CAMPECHE",669051,130,19.4
1997,7,"CHIAPAS",3760072,1357,36.1
1997,8,"CHIHUAHUA",2919731,677,23.2
1997,9,"CIUDAD DE MEXICO",8603851,977,11.4
1997,5,"COAHUILA",2245293,175,7.8
1997,6,"COLIMA",512611,99,19.3
1997,10,"DURANGO",1461472,61,4.2
1997,11,"GUANAJUATO",4559319,567,12.4
1997,12,"GUERRERO",3023862,1273,42.1
1997,13,"HIDALGO",2195424,360,16.4
1997,14,"JALISCO",6200206,600,9.7
1997,15,"MEXICO",12352846,3037,24.6
1997,16,"MICHOACAN",3985902,757,19
1997,17,"MORELOS",1501155,178,11.9
1997,18,"NAYARIT",917539,132,14.4
1997,19,"NUEVO LEON",3691856,163,4.4
1997,20,"OAXACA",3367789,788,23.4
1997,21,"PUEBLA",4882284,729,14.9
1997,22,"QUERETARO",1325010,234,17.7
1997,23,"QUINTANA ROO",776486,335,43.1
1997,24,"SAN LUIS POTOSI",2271929,301,13.2
1997,25,"SINALOA",2496840,669,26.8
1997,26,"SONORA",2161176,526,24.3
1997,27,"TABASCO",1829851,353,19.3
1997,28,"TAMAULIPAS",2642006,473,17.9
1997,29,"TLAXCALA",929160,63,6.8
1997,30,"VERACRUZ",6900135,722,10.5
1997,31,"YUCATAN",1615703,110,6.8
1997,32,"ZACATECAS",1363429,113,8.3
1998,1,"AGUASCALIENTES",923720,66,7.1
1998,2,"BAJA CALIFORNIA",2337309,292,12.5
1998,3,"BAJA CALIFORNIA SUR",409121,18,4.4
1998,4,"CAMPECHE",680769,117,17.2
1998,7,"CHIAPAS",3833244,1399,36.5
1998,8,"CHIHUAHUA",2975318,584,19.6
1998,9,"CIUDAD DE MEXICO",8613378,947,11
1998,5,"COAHUILA",2273653,165,7.3
1998,6,"COLIMA",523930,89,17
1998,10,"DURANGO",1462797,134,9.2
1998,11,"GUANAJUATO",4617346,230,5
1998,12,"GUERRERO",3061713,1306,42.7
1998,13,"HIDALGO",2224693,250,11.2
1998,14,"JALISCO",6271803,604,9.6
1998,15,"MEXICO",12665308,2221,17.5
1998,16,"MICHOACAN",4007166,1022,25.5
1998,17,"MORELOS",1526066,216,14.2
1998,18,"NAYARIT",922671,165,17.9
1998,19,"NUEVO LEON",3753988,160,4.3
1998,20,"OAXACA",3417304,14,0.4
1998,21,"PUEBLA",4984849,675,13.5
1998,22,"QUERETARO",1362038,39,2.9
1998,23,"QUINTANA ROO",819113,117,14.3
1998,24,"SAN LUIS POTOSI",2294051,297,12.9
1998,25,"SINALOA",2520813,643,25.5
1998,26,"SONORA",2189792,555,25.3
1998,27,"TABASCO",1863944,368,19.7
1998,28,"TAMAULIPAS",2694610,428,15.9
1998,29,"TLAXCALA",947957,49,5.2
1998,30,"VERACRUZ",6933318,707,10.2
1998,31,"YUCATAN",1639642,23,1.4
1998,32,"ZACATECAS",1365536,316,23.1
1999,1,"AGUASCALIENTES",943020,27,2.9
1999,2,"BAJA CALIFORNIA",2418123,657,27.2
1999,3,"BAJA CALIFORNIA SUR",420791,31,7.4
1999,4,"CAMPECHE",692305,78,11.3
1999,7,"CHIAPAS",3905497,1452,37.2
1999,8,"CHIHUAHUA",3030151,425,14
1999,9,"CIUDAD DE MEXICO",8616747,880,10.2
1999,5,"COAHUILA",2300962,139,6
1999,6,"COLIMA",535245,53,9.9
1999,10,"DURANGO",1463112,291,19.9
1999,11,"GUANAJUATO",4673454,259,5.5
1999,12,"GUERRERO",3098151,1242,40.1
1999,13,"HIDALGO",2253302,199,8.8
1999,14,"JALISCO",6340731,545,8.6
1999,15,"MEXICO",12978400,2966,22.9
1999,16,"MICHOACAN",4026194,575,14.3
1999,17,"MORELOS",1550665,344,22.2
1999,18,"NAYARIT",927306,146,15.7
1999,19,"NUEVO LEON",3815110,131,3.4
1999,20,"OAXACA",3465731,823,23.7
1999,21,"PUEBLA",5086521,575,11.3
1999,22,"QUERETARO",1399138,55,3.9
1999,23,"QUINTANA ROO",862250,123,14.3
1999,24,"SAN LUIS POTOSI",2315149,414,17.9
1999,25,"SINALOA",2543638,564,22.2
1999,26,"SONORA",2217529,292,13.2
1999,27,"TABASCO",1897742,229,12.1
1999,28,"TAMAULIPAS",2746487,253,9.2
1999,29,"TLAXCALA",966566,163,16.9
1999,30,"VERACRUZ",6962832,590,8.5
1999,31,"YUCATAN",1662972,8,0.5
1999,32,"ZACATECAS",1366763,90,6.6
2000,1,"AGUASCALIENTES",964010,14,1.5
2000,2,"BAJA CALIFORNIA",2493675,460,18.4
2000,3,"BAJA CALIFORNIA SUR",434318,31,7.1
2000,4,"CAMPECHE",704360,55,7.8
2000,7,"CHIAPAS",3978878,1270,31.9
2000,8,"CHIHUAHUA",3078281,437,14.2
2000,9,"CIUDAD DE MEXICO",8640993,709,8.2
2000,5,"COAHUILA",2334987,113,4.8
2000,6,"COLIMA",544180,45,8.3
2000,10,"DURANGO",1470425,268,18.2
2000,11,"GUANAJUATO",4728160,219,4.6
2000,12,"GUERRERO",3123538,1399,44.8
2000,13,"HIDALGO",2279365,115,5
2000,14,"JALISCO",6419688,486,7.6
2000,15,"MEXICO",13229303,2726,20.6
2000,16,"MICHOACAN",4039249,487,12.1
2000,17,"MORELOS",1569930,352,22.4
2000,18,"NAYARIT",933445,121,13
2000,19,"NUEVO LEON",3883147,123,3.2
2000,20,"OAXACA",3499659,1292,36.9
2000,21,"PUEBLA",5169926,573,11.1
2000,22,"QUERETARO",1435097,62,4.3
2000,23,"QUINTANA ROO",903923,245,27.1
2000,24,"SAN LUIS POTOSI",2338160,254,10.9
2000,25,"SINALOA",2564133,501,19.5
2000,26,"SONORA",2249571,194,8.6
2000,27,"TABASCO",1925107,210,10.9
2000,28,"TAMAULIPAS",2798639,221,7.9
2000,29,"TLAXCALA",985704,280,28.4
2000,30,"VERACRUZ",7004842,465,6.6
2000,31,"YUCATAN",1689952,26,1.5
2000,32,"ZACATECAS",1370630,96,7
2001,1,"AGUASCALIENTES",987520,22,2.2
2001,2,"BAJA CALIFORNIA",2565903,456,17.8
2001,3,"BAJA CALIFORNIA SUR",450092,25,5.6
2001,4,"CAMPECHE",717580,52,7.2
2001,7,"CHIAPAS",4056667,1252,30.9
2001,8,"CHIHUAHUA",3122063,480,15.4
2001,9,"CIUDAD DE MEXICO",8694150,807,9.3
2001,5,"COAHUILA",2377883,118,5
2001,6,"COLIMA",551107,56,10.2
2001,10,"DURANGO",1486134,321,21.6
2001,11,"GUANAJUATO",4785445,233,4.9
2001,12,"GUERRERO",3140287,1255,40
2001,13,"HIDALGO",2304623,148,6.4
2001,14,"JALISCO",6514205,488,7.5
2001,15,"MEXICO",13426921,2862,21.3
2001,16,"MICHOACAN",4049615,475,11.7
2001,17,"MORELOS",1584996,193,12.2
2001,18,"NAYARIT",941882,127,13.5
2001,19,"NUEVO LEON",3961467,140,3.5
2001,20,"OAXACA",3521582,1311,37.2
2001,21,"PUEBLA",5238757,502,9.6
2001,22,"QUERETARO",1471139,86,5.8
2001,23,"QUINTANA ROO",944911,252,26.7
2001,24,"SAN LUIS POTOSI",2365016,195,8.2
2001,25,"SINALOA",2584506,551,21.3
2001,26,"SONORA",2287914,185,8.1
2001,27,"TABASCO",1947490,169,8.7
2001,28,"TAMAULIPAS",2853540,165,5.8
2001,29,"TLAXCALA",1006183,352,35
2001,30,"VERACRUZ",7065287,467,6.6
2001,31,"YUCATAN",1722120,16,0.9
2001,32,"ZACATECAS",1378314,94,6.8
2002,1,"AGUASCALIENTES",1011950,26,2.6
2002,2,"BAJA CALIFORNIA",2640732,466,17.6
2002,3,"BAJA CALIFORNIA SUR",466394,28,6
2002,4,"CAMPECHE",731445,52,7.1
2002,7,"CHIAPAS",4137733,1056,25.5
2002,8,"CHIHUAHUA",3167874,528,16.7
2002,9,"CIUDAD DE MEXICO",8751549,748,8.5
2002,5,"COAHUILA",2422563,131,5.4
2002,6,"COLIMA",558424,45,8.1
2002,10,"DURANGO",1502756,232,15.4
2002,11,"GUANAJUATO",4845931,208,4.3
2002,12,"GUERRERO",3158704,1035,32.8
2002,13,"HIDALGO",2331398,129,5.5
2002,14,"JALISCO",6613184,431,6.5
2002,15,"MEXICO",13634312,2870,21
2002,16,"MICHOACAN",4061978,428,10.5
2002,17,"MORELOS",1601020,226,14.1
2002,18,"NAYARIT",950875,117,12.3
2002,19,"NUEVO LEON",4042872,124,3.1
2002,20,"OAXACA",3545443,1427,40.2
2002,21,"PUEBLA",5311014,463,8.7
2002,22,"QUERETARO",1508741,71,4.7
2002,23,"QUINTANA ROO",987352,194,19.6
2002,24,"SAN LUIS POTOSI",2393415,245,10.2
2002,25,"SINALOA",2606531,485,18.6
2002,26,"SONORA",2327937,165,7.1
2002,27,"TABASCO",1971355,141,7.2
2002,28,"TAMAULIPAS",2910730,184,6.3
2002,29,"TLAXCALA",1027534,309,30.1
2002,30,"VERACRUZ",7129867,450,6.3
2002,31,"YUCATAN",1755676,30,1.7
2002,32,"ZACATECAS",1386698,104,7.5
2003,1,"AGUASCALIENTES",1036717,21,2
2003,2,"BAJA CALIFORNIA",2716612,479,17.6
2003,3,"BAJA CALIFORNIA SUR",482984,24,5
2003,4,"CAMPECHE",745529,55,7.4
2003,7,"CHIAPAS",4219579,921,21.8
2003,8,"CHIHUAHUA",3213827,471,14.7
2003,9,"CIUDAD DE MEXICO",8807884,715,8.1
2003,5,"COAHUILA",2467594,116,4.7
2003,6,"COLIMA",565772,34,6
2003,10,"DURANGO",1519368,216,14.2
2003,11,"GUANAJUATO",4906731,213,4.3
2003,12,"GUERRERO",3176903,808,25.4
2003,13,"HIDALGO",2358351,113,4.8
2003,14,"JALISCO",6712650,424,6.3
2003,15,"MEXICO",13843183,2741,19.8
2003,16,"MICHOACAN",4073837,440,10.8
2003,17,"MORELOS",1617074,173,10.7
2003,18,"NAYARIT",959824,95,9.9
2003,19,"NUEVO LEON",4124951,135,3.3
2003,20,"OAXACA",3569134,1571,44
2003,21,"PUEBLA",5383511,488,9.1
2003,22,"QUERETARO",1547001,71,4.6
2003,23,"QUINTANA ROO",1030697,228,22.1
2003,24,"SAN LUIS POTOSI",2421943,121,5
2003,25,"SINALOA",2628573,482,18.3
2003,26,"SONORA",2368275,203,8.6
2003,27,"TABASCO",1995453,150,7.5
2003,28,"TAMAULIPAS",2968478,244,8.2
2003,29,"TLAXCALA",1049132,286,27.3
2003,30,"VERACRUZ",7194356,501,7
2003,31,"YUCATAN",1789571,32,1.8
2003,32,"ZACATECAS",1394980,105,7.5
2004,1,"AGUASCALIENTES",1061561,17,1.6
2004,2,"BAJA CALIFORNIA",2792913,470,16.8
2004,3,"BAJA CALIFORNIA SUR",499719,36,7.2
2004,4,"CAMPECHE",759630,37,4.9
2004,7,"CHIAPAS",4301148,787,18.3
2004,8,"CHIHUAHUA",3259221,444,13.6
2004,9,"CIUDAD DE MEXICO",8861590,710,8
2004,5,"COAHUILA",2512460,103,4.1
2004,6,"COLIMA",573033,45,7.9
2004,10,"DURANGO",1535647,120,7.8
2004,11,"GUANAJUATO",4966732,194,3.9
2004,12,"GUERRERO",3194176,539,16.9
2004,13,"HIDALGO",2384978,123,5.2
2004,14,"JALISCO",6811151,370,5.4
2004,15,"MEXICO",14050307,2855,20.3
2004,16,"MICHOACAN",4084342,446,10.9
2004,17,"MORELOS",1632844,219,13.4
2004,18,"NAYARIT",968544,109,11.3
2004,19,"NUEVO LEON",4206813,117,2.8
2004,20,"OAXACA",3591899,1130,31.5
2004,21,"PUEBLA",5455057,468,8.6
2004,22,"QUERETARO",1585554,62,3.9
2004,23,"QUINTANA ROO",1074660,138,12.8
2004,24,"SAN LUIS POTOSI",2450078,199,8.1
2004,25,"SINALOA",2650082,515,19.4
2004,26,"SONORA",2408426,250,10.4
2004,27,"TABASCO",2019302,120,5.9
2004,28,"TAMAULIPAS",3026175,225,7.4
2004,29,"TLAXCALA",1070738,260,24.3
2004,30,"VERACRUZ",7257404,465,6.4
2004,31,"YUCATAN",1823424,30,1.6
2004,32,"ZACATECAS",1402836,55,3.9
2005,1,"AGUASCALIENTES",1086798,19,1.7
2005,2,"BAJA CALIFORNIA",2870428,539,18.8
2005,3,"BAJA CALIFORNIA SUR",516740,34,6.6
2005,4,"CAMPECHE",773981,51,6.6
2005,7,"CHIAPAS",4383744,415,9.5
2005,8,"CHIHUAHUA",3304999,550,16.6
2005,9,"CIUDAD DE MEXICO",8915004,698,7.8
2005,5,"COAHUILA",2557832,139,5.4
2005,6,"COLIMA",580362,35,6
2005,10,"DURANGO",1552034,189,12.2
2005,11,"GUANAJUATO",5027385,213,4.2
2005,12,"GUERRERO",3211466,755,23.5
2005,13,"HIDALGO",2411934,118,4.9
2005,14,"JALISCO",6910601,384,5.6
2005,15,"MEXICO",14259750,2313,16.2
2005,16,"MICHOACAN",4094663,427,10.4
2005,17,"MORELOS",1648761,160,9.7
2005,18,"NAYARIT",977302,93,9.5
2005,19,"NUEVO LEON",4289618,143,3.3
2005,20,"OAXACA",3614750,1053,29.1
2005,21,"PUEBLA",5527174,341,6.2
2005,22,"QUERETARO",1624845,68,4.2
2005,23,"QUINTANA ROO",1119547,119,10.6
2005,24,"SAN LUIS POTOSI",2478522,176,7.1
2005,25,"SINALOA",2671826,609,22.8
2005,26,"SONORA",2449098,275,11.2
2005,27,"TABASCO",2043541,84,4.1
2005,28,"TAMAULIPAS",3084638,357,11.6
2005,29,"TLAXCALA",1092677,350,32
2005,30,"VERACRUZ",7320978,459,6.3
2005,31,"YUCATAN",1857713,22,1.2
2005,32,"ZACATECAS",1410658,58,4.1
2006,1,"AGUASCALIENTES",1110011,26,2.3
2006,2,"BAJA CALIFORNIA",2939646,483,16.4
2006,3,"BAJA CALIFORNIA SUR",537801,20,3.7
2006,4,"CAMPECHE",786594,28,3.6
2006,7,"CHIAPAS",4472341,358,8
2006,8,"CHIHUAHUA",3341601,593,17.7
2006,9,"CIUDAD DE MEXICO",8941792,649,7.3
2006,5,"COAHUILA",2602657,109,4.2
2006,6,"COLIMA",591856,31,5.2
2006,10,"DURANGO",1570259,205,13.1
2006,11,"GUANAJUATO",5111010,242,4.7
2006,12,"GUERRERO",3242776,837,25.8
2006,13,"HIDALGO",2454515,101,4.1
2006,14,"JALISCO",7014132,425,6.1
2006,15,"MEXICO",14472559,2766,19.1
2006,16,"MICHOACAN",4131914,661,16
2006,17,"MORELOS",1671876,159,9.5
2006,18,"NAYARIT",994128,94,9.5
2006,19,"NUEVO LEON",4371643,180,4.1
2006,20,"OAXACA",3649712,1077,29.5
2006,21,"PUEBLA",5594768,415,7.4
2006,22,"QUERETARO",1666037,52,3.1
2006,23,"QUINTANA ROO",1163300,119,10.2
2006,24,"SAN LUIS POTOSI",2506073,131,5.2
2006,25,"SINALOA",2694988,602,22.3
2006,26,"SONORA",2493190,238,9.5
2006,27,"TABASCO",2077489,166,8
2006,28,"TAMAULIPAS",3134911,346,11
2006,29,"TLAXCALA",1112330,187,16.8
2006,30,"VERACRUZ",7393341,434,5.9
2006,31,"YUCATAN",1885599,22,1.2
2006,32,"ZACATECAS",1424542,50,3.5
2007,1,"AGUASCALIENTES",1131266,49,4.3
2007,2,"BAJA CALIFORNIA",3000933,511,17
2007,3,"BAJA CALIFORNIA SUR",563113,28,5
2007,4,"CAMPECHE",797547,36,4.5
2007,7,"CHIAPAS",4567654,358,7.8
2007,8,"CHIHUAHUA",3369106,617,18.3
2007,9,"CIUDAD DE MEXICO",8941750,714,8
2007,5,"COAHUILA",2647284,121,4.6
2007,6,"COLIMA",607687,30,4.9
2007,10,"DURANGO",1590553,250,15.7
2007,11,"GUANAJUATO",5218816,229,4.4
2007,12,"GUERRERO",3288751,800,24.3
2007,13,"HIDALGO",2513382,147,5.8
2007,14,"JALISCO",7122681,389,5.5
2007,15,"MEXICO",14690701,1127,7.7
2007,16,"MICHOACAN",4197046,527,12.6
2007,17,"MORELOS",1702514,113,6.6
2007,18,"NAYARIT",1019289,108,10.6
2007,19,"NUEVO LEON",4453598,283,6.4
2007,20,"OAXACA",3697430,948,25.6
2007,21,"PUEBLA",5658467,401,7.1
2007,22,"QUERETARO",1709408,57,3.3
2007,23,"QUINTANA ROO",1206051,176,14.6
2007,24,"SAN LUIS POTOSI",2532954,153,6
2007,25,"SINALOA",2719764,741,27.2
2007,26,"SONORA",2541130,308,12.1
2007,27,"TABASCO",2121626,193,9.1
2007,28,"TAMAULIPAS",3177190,265,8.3
2007,29,"TLAXCALA",1129802,0,0
2007,30,"VERACRUZ",7475403,478,6.4
2007,31,"YUCATAN",1907202,30,1.6
2007,32,"ZACATECAS",1444747,66,4.6
2008,1,"AGUASCALIENTES",1153468,63,5.5
2008,2,"BAJA CALIFORNIA",3064928,853,27.8
2008,3,"BAJA CALIFORNIA SUR",589287,28,4.8
2008,4,"CAMPECHE",809041,45,5.6
2008,7,"CHIAPAS",4666821,326,7
2008,8,"CHIHUAHUA",3397985,2030,59.7
2008,9,"CIUDAD DE MEXICO",8942665,713,8
2008,5,"COAHUILA",2693767,179,6.6
2008,6,"COLIMA",624105,33,5.3
2008,10,"DURANGO",1611815,430,26.7
2008,11,"GUANAJUATO",5331102,257,4.8
2008,12,"GUERRERO",3336888,951,28.5
2008,13,"HIDALGO",2574507,139,5.4
2008,14,"JALISCO",7235896,462,6.4
2008,15,"MEXICO",14918914,1261,8.5
2008,16,"MICHOACAN",4265042,565,13.2
2008,17,"MORELOS",1734467,135,7.8
2008,18,"NAYARIT",1045326,147,14.1
2008,19,"NUEVO LEON",4538945,263,5.8
2008,20,"OAXACA",3747429,733,19.6
2008,21,"PUEBLA",5725491,429,7.5
2008,22,"QUERETARO",1754614,58,3.3
2008,23,"QUINTANA ROO",1250391,192,15.4
2008,24,"SAN LUIS POTOSI",2561307,218,8.5
2008,25,"SINALOA",2745887,1156,42.1
2008,26,"SONORA",2590980,393,15.2
2008,27,"TABASCO",2167689,148,6.8
2008,28,"TAMAULIPAS",3221329,308,9.6
2008,29,"TLAXCALA",1148108,42,3.7
2008,30,"VERACRUZ",7561551,477,6.3
2008,31,"YUCATAN",1929920,47,2.4
2008,32,"ZACATECAS",1465789,74,5
2009,1,"AGUASCALIENTES",1176168,66,5.6
2009,2,"BAJA CALIFORNIA",3130426,750,24
2009,3,"BAJA CALIFORNIA SUR",616122,31,5
2009,4,"CAMPECHE",820800,41,5
2009,7,"CHIAPAS",4768075,499,10.5
2009,8,"CHIHUAHUA",3426919,3156,92.1
2009,9,"CIUDAD DE MEXICO",8941128,747,8.4
2009,5,"COAHUILA",2741112,240,8.8
2009,6,"COLIMA",640893,52,8.1
2009,10,"DURANGO",1633391,930,56.9
2009,11,"GUANAJUATO",5445893,414,7.6
2009,12,"GUERRERO",3385886,1431,42.3
2009,13,"HIDALGO",2636953,137,5.2
2009,14,"JALISCO",7351056,570,7.8
2009,15,"MEXICO",15151573,1345,8.9
2009,16,"MICHOACAN",4334310,728,16.8
2009,17,"MORELOS",1767084,317,17.9
2009,18,"NAYARIT",1071834,148,13.8
2009,19,"NUEVO LEON",4625949,267,5.8
2009,20,"OAXACA",3798232,752,19.8
2009,21,"PUEBLA",5793599,414,7.1
2009,22,"QUERETARO",1801014,90,5
2009,23,"QUINTANA ROO",1295873,177,13.7
2009,24,"SAN LUIS POTOSI",2590151,158,6.1
2009,25,"SINALOA",2772294,1251,45.1
2009,26,"SONORA",2641800,498,18.9
2009,27,"TABASCO",2214835,117,5.3
2009,28,"TAMAULIPAS",3266069,288,8.8
2009,29,"TLAXCALA",1166802,48,4.1
2009,30,"VERACRUZ",7649004,347,4.5
2009,31,"YUCATAN",1953014,33,1.7
2009,32,"ZACATECAS",1487129,76,5.1
2010,1,"AGUASCALIENTES",1198510,74,6.2
2010,2,"BAJA CALIFORNIA",3183653,884,27.8
2010,3,"BAJA CALIFORNIA SUR",636185,48,7.5
2010,4,"CAMPECHE",833942,59,7.1
2010,7,"CHIAPAS",4857906,513,10.6
2010,8,"CHIHUAHUA",3461882,3903,112.7
2010,9,"CIUDAD DE MEXICO",8981871,811,9
2010,5,"COAHUILA",2786124,407,14.6
2010,6,"COLIMA",655211,93,14.2
2010,10,"DURANGO",1656602,1024,61.8
2010,11,"GUANAJUATO",5542931,437,7.9
2010,12,"GUERRERO",3429881,1500,43.7
2010,13,"HIDALGO",2688905,134,5
2010,14,"JALISCO",7461855,888,11.9
2010,15,"MEXICO",15377962,1153,7.5
2010,16,"MICHOACAN",4397949,661,15
2010,17,"MORELOS",1797092,559,31.1
2010,18,"NAYARIT",1094434,367,33.5
2010,19,"NUEVO LEON",4712645,828,17.6
2010,20,"OAXACA",3846563,666,17.3
2010,21,"PUEBLA",5869069,415,7.1
2010,22,"QUERETARO",1842364,59,3.2
2010,23,"QUINTANA ROO",1332929,234,17.6
2010,24,"SAN LUIS POTOSI",2621113,417,15.9
2010,25,"SINALOA",2806695,1714,61.1
2010,26,"SONORA",2687480,654,24.3
2010,27,"TABASCO",2255253,143,6.3
2010,28,"TAMAULIPAS",3310309,721,21.8
2010,29,"TLAXCALA",1185869,48,4
2010,30,"VERACRUZ",7747684,583,7.5
2010,31,"YUCATAN",1979695,36,1.8
2010,32,"ZACATECAS",1508108,110,7.3
2011,1,"AGUASCALIENTES",1223425,74,6
2011,2,"BAJA CALIFORNIA",3222606,673,20.9
2011,3,"BAJA CALIFORNIA SUR",651419,38,5.8
2011,4,"CAMPECHE",849941,59,6.9
2011,7,"CHIAPAS",4944937,613,12.4
2011,8,"CHIHUAHUA",3499552,3085,88.2
2011,9,"CIUDAD DE MEXICO",9034475,779,8.6
2011,5,"COAHUILA",2830310,660,23.3
2011,6,"COLIMA",668122,165,24.7
2011,10,"DURANGO",1682438,764,45.4
2011,11,"GUANAJUATO",5623703,604,10.7
2011,12,"GUERRERO",3465479,2158,62.3
2011,13,"HIDALGO",2731728,111,4.1
2011,14,"JALISCO",7568896,1222,16.1
2011,15,"MEXICO",15600748,1512,9.7
2011,16,"MICHOACAN",4453862,773,17.4
2011,17,"MORELOS",1824842,556,30.5
2011,18,"NAYARIT",1114502,456,40.9
2011,19,"NUEVO LEON",4807568,2003,41.7
2011,20,"OAXACA",3888461,641,16.5
2011,21,"PUEBLA",5953938,619,10.4
2011,22,"QUERETARO",1884058,98,5.2
2011,23,"QUINTANA ROO",1366947,269,19.7
2011,24,"SAN LUIS POTOSI",2652434,402,15.2
2011,25,"SINALOA",2850246,1460,51.2
2011,26,"SONORA",2728730,472,17.3
2011,27,"TABASCO",2290095,162,7.1
2011,28,"TAMAULIPAS",3352122,855,25.5
2011,29,"TLAXCALA",1207060,71,5.9
2011,30,"VERACRUZ",7855504,890,11.3
2011,31,"YUCATAN",2010757,46,2.3
2011,32,"ZACATECAS",1528547,119,7.8
2012,1,"AGUASCALIENTES",1250962,44,3.5
2012,2,"BAJA CALIFORNIA",3258386,590,18.1
2012,3,"BAJA CALIFORNIA SUR",668635,35,5.2
2012,4,"CAMPECHE",867064,69,8
2012,7,"CHIAPAS",5038786,573,11.4
2012,8,"CHIHUAHUA",3531604,1997,56.5
2012,9,"CIUDAD DE MEXICO",9049100,779,8.6
2012,5,"COAHUILA",2874749,771,26.8
2012,6,"COLIMA",681887,287,42.1
2012,10,"DURANGO",1708439,618,36.2
2012,11,"GUANAJUATO",5703988,771,13.5
2012,12,"GUERRERO",3495920,2310,66.1
2012,13,"HIDALGO",2775101,83,3
2012,14,"JALISCO",7672910,1184,15.4
2012,15,"MEXICO",15820397,2130,13.5
2012,16,"MICHOACAN",4505400,755,16.8
2012,17,"MORELOS",1852263,862,46.5
2012,18,"NAYARIT",1135531,244,21.5
2012,19,"NUEVO LEON",4909324,1459,29.7
2012,20,"OAXACA",3924322,472,12
2012,21,"PUEBLA",6037918,578,9.6
2012,22,"QUERETARO",1930886,110,5.7
2012,23,"QUINTANA ROO",1406411,250,17.8
2012,24,"SAN LUIS POTOSI",2680708,396,14.8
2012,25,"SINALOA",2893415,1191,41.2
2012,26,"SONORA",2769535,501,18.1
2012,27,"TABASCO",2325367,124,5.3
2012,28,"TAMAULIPAS",3390260,1016,30
2012,29,"TLAXCALA",1229572,59,4.8
2012,30,"VERACRUZ",7957243,968,12.2
2012,31,"YUCATAN",2041581,38,1.9
2012,32,"ZACATECAS",1548006,195,12.6
2013,1,"AGUASCALIENTES",1278202,40,3.1
2013,2,"BAJA CALIFORNIA",3292766,775,23.5
2013,3,"BAJA CALIFORNIA SUR",685784,56,8.2
2013,4,"CAMPECHE",883911,67,7.6
2013,7,"CHIAPAS",5130494,503,9.8
2013,8,"CHIHUAHUA",3561704,1443,40.5
2013,9,"CIUDAD DE MEXICO",9057829,749,8.3
2013,5,"COAHUILA",2917922,645,22.1
2013,6,"COLIMA",695408,178,25.6
2013,10,"DURANGO",1733606,476,27.5
2013,11,"GUANAJUATO",5781861,641,11.1
2013,12,"GUERRERO",3524537,2087,59.2
2013,13,"HIDALGO",2817500,123,4.4
2013,14,"JALISCO",7773261,1099,14.1
2013,15,"MEXICO",16035478,1932,12
2013,16,"MICHOACAN",4554352,902,19.8
2013,17,"MORELOS",1879005,597,31.8
2013,18,"NAYARIT",1156029,151,13.1
2013,19,"NUEVO LEON",5009564,719,14.4
2013,20,"OAXACA",3958047,536,13.5
2013,21,"PUEBLA",6119292,409,6.7
2013,22,"QUERETARO",1977398,111,5.6
2013,23,"QUINTANA ROO",1445879,214,14.8
2013,24,"SAN LUIS POTOSI",2707747,261,9.6
2013,25,"SINALOA",2935385,981,33.4
2013,26,"SONORA",2809131,575,20.5
2013,27,"TABASCO",2359785,140,5.9
2013,28,"TAMAULIPAS",3426690,556,16.2
2013,29,"TLAXCALA",1251774,70,5.6
2013,30,"VERACRUZ",8055384,863,10.7
2013,31,"YUCATAN",2071527,40,1.9
2013,32,"ZACATECAS",1566677,167,10.7
2014,1,"AGUASCALIENTES",1305273,42,3.2
2014,2,"BAJA CALIFORNIA",3326218,714,21.5
2014,3,"BAJA CALIFORNIA SUR",702923,70,10
2014,4,"CAMPECHE",900589,65,7.2
2014,7,"CHIAPAS",5220622,409,7.8
2014,8,"CHIHUAHUA",3590344,1086,30.2
2014,9,"CIUDAD DE MEXICO",9062022,749,8.3
2014,5,"COAHUILA",2960145,390,13.2
2014,6,"COLIMA",708738,99,14
2014,10,"DURANGO",1758160,315,17.9
2014,11,"GUANAJUATO",5857977,709,12.1
2014,12,"GUERRERO",3551765,1514,42.6
2014,13,"HIDALGO",2859239,141,4.9
2014,14,"JALISCO",7870823,907,11.5
2014,15,"MEXICO",16248083,1994,12.3
2014,16,"MICHOACAN",4601241,904,19.6
2014,17,"MORELOS",1905274,416,21.8
2014,18,"NAYARIT",1176131,110,9.4
2014,19,"NUEVO LEON",5108816,490,9.6
2014,20,"OAXACA",3990077,640,16
2014,21,"PUEBLA",6198759,338,5.5
2014,22,"QUERETARO",2023820,103,5.1
2014,23,"QUINTANA ROO",1485510,172,11.6
2014,24,"SAN LUIS POTOSI",2733855,229,8.4
2014,25,"SINALOA",2976480,846,28.4
2014,26,"SONORA",2847816,568,19.9
2014,27,"TABASCO",2393656,168,7
2014,28,"TAMAULIPAS",3461851,628,18.1
2014,29,"TLAXCALA",1273768,61,4.8
2014,30,"VERACRUZ",8150881,487,6
2014,31,"YUCATAN",2100817,42,2
2014,32,"ZACATECAS",1584738,114,7.2
2015,1,"AGUASCALIENTES",1331825,38,2.9
2015,2,"BAJA CALIFORNIA",3357794,831,24.7
2015,3,"BAJA CALIFORNIA SUR",719846,151,21
2015,4,"CAMPECHE",916832,53,5.8
2015,7,"CHIAPAS",5307819,538,10.1
2015,8,"CHIHUAHUA",3616481,945,26.1
2015,9,"CIUDAD DE MÉXICO",9058734,854,9.4
2015,5,"COAHUILA DE ZARAGOZA",3000556,294,9.8
2015,6,"COLIMA",721696,167,23.1
2015,10,"DURANGO",1781575,238,13.4
2015,11,"GUANAJUATO",5930618,879,14.8
2015,12,"GUERRERO",3576592,2017,56.4
2015,13,"HIDALGO",2899495,146,5
2015,14,"JALISCO",7963314,1019,12.8
2015,15,"MÉXICO",16453628,2081,12.6
2015,16,"MICHOACÁN DE OCAMPO",4644732,777,16.7
2015,17,"MORELOS",1930505,495,25.6
2015,18,"NAYARIT",1195482,83,6.9
2015,19,"NUEVO LEÓN",5205425,451,8.7
2015,20,"OAXACA",4019224,209,5.2
2015,21,"PUEBLA",6274482,499,8
2015,22,"QUERÉTARO",2069556,139,6.7
2015,23,"QUINTANA ROO",1524873,228,15
2015,24,"SAN LUIS POTOSÍ",2758239,248,9
2015,25,"SINALOA",3015790,855,28.4
2015,26,"SONORA",2884754,613,21.2
2015,27,"TABASCO",2426269,241,9.9
2015,28,"TAMAULIPAS",3494719,533,15.3
2015,29,"TLAXCALA",1295194,59,4.6
2015,30,"VERACRUZ DE IGNACIO DE LA LLAVE",8241248,565,6.9
2015,31,"YUCATÁN",2128802,53,2.5
2015,32,"ZACATECAS",1601701,232,14.5
2016,1,"AGUASCALIENTES",1355321,39,2.9
2016,2,"BAJA CALIFORNIA",3403335,1180,34.7
2016,3,"BAJA CALIFORNIA SUR",736995,216,29.3
2016,4,"CAMPECHE",933436,84,9
2016,7,"CHIAPAS",5393944,500,9.3
2016,8,"CHIHUAHUA",3649416,1232,33.8
2016,9,"CIUDAD DE MÉXICO",9053990,952,10.5
2016,5,"COAHUILA DE ZARAGOZA",3043062,226,7.4
2016,6,"COLIMA",734663,524,71.3
2016,10,"DURANGO",1801963,238,13.2
2016,11,"GUANAJUATO",5997487,961,16
2016,12,"GUERRERO",3597311,2234,62.1
2016,13,"HIDALGO",2938756,156,5.3
2016,14,"JALISCO",8055955,1153,14.3
2016,15,"MÉXICO",16658503,2109,12.7
2016,16,"MICHOACÁN DE OCAMPO",4684829,1287,27.5
2016,17,"MORELOS",1954717,616,31.5
2016,18,"NAYARIT",1214627,40,3.3
2016,19,"NUEVO LEÓN",5294203,644,12.2
2016,20,"OAXACA",4046494,805,19.9
2016,21,"PUEBLA",6345952,593,9.3
2016,22,"QUERÉTARO",2113731,119,5.6
2016,23,"QUINTANA ROO",1564920,165,10.5
2016,24,"SAN LUIS POTOSÍ",2781457,314,11.3
2016,25,"SINALOA",3049383,961,31.5
2016,26,"SONORA",2922666,660,22.6
2016,27,"TABASCO",2457373,303,12.3
2016,28,"TAMAULIPAS",3527104,595,16.9
2016,29,"TLAXCALA",1314415,77,5.9
2016,30,"VERACRUZ DE IGNACIO DE LA LLAVE",8316599,1258,15.1
2016,31,"YUCATÁN",2155883,51,2.4
2016,32,"ZACATECAS",1616675,460,28.5
2017,1,"AGUASCALIENTES",1375782,82,6
2017,2,"BAJA CALIFORNIA",3462872,2094,60.5
2017,3,"BAJA CALIFORNIA SUR",754270,610,80.9
2017,4,"CAMPECHE",950458,67,7
2017,7,"CHIAPAS",5479352,504,9.2
2017,8,"CHIHUAHUA",3689398,1577,42.7
2017,9,"CIUDAD DE MÉXICO",9049086,1085,12
2017,5,"COAHUILA DE ZARAGOZA",3087852,231,7.5
2017,6,"COLIMA",747603,702,93.9
2017,10,"DURANGO",1819494,225,12.4
2017,11,"GUANAJUATO",6058569,1096,18.1
2017,12,"GUERRERO",3614241,2331,64.5
2017,13,"HIDALGO",2976979,206,6.9
2017,14,"JALISCO",8149170,1369,16.8
2017,15,"MÉXICO",16861082,2096,12.4
2017,16,"MICHOACÁN DE OCAMPO",4721848,1278,27.1
2017,17,"MORELOS",1977946,602,30.4
2017,18,"NAYARIT",1233716,255,20.7
2017,19,"NUEVO LEÓN",5375246,656,12.2
2017,20,"OAXACA",4072328,912,22.4
2017,21,"PUEBLA",6413391,921,14.4
2017,22,"QUERÉTARO",2156167,176,8.2
2017,23,"QUINTANA ROO",1605362,363,22.6
2017,24,"SAN LUIS POTOSÍ",2803692,469,16.7
2017,25,"SINALOA",3077430,1332,43.3
2017,26,"SONORA",2961810,759,25.6
2017,27,"TABASCO",2486932,416,16.7
2017,28,"TAMAULIPAS",3559268,805,22.6
2017,29,"TLAXCALA",1331372,122,9.2
2017,30,"VERACRUZ DE IGNACIO DE LA LLAVE",8376971,1822,21.8
2017,31,"YUCATÁN",2182255,46,2.1
2017,32,"ZACATECAS",1629789,562,34.5
2018,1,"AGUASCALIENTES",1395794,79,5.7
2018,2,"BAJA CALIFORNIA",3521242,2824,80.2
2018,3,"BAJA CALIFORNIA SUR",771294,162,21
2018,4,"CAMPECHE",967319,74,7.7
2018,7,"CHIAPAS",5563869,583,10.5
2018,8,"CHIHUAHUA",3727984,1851,49.7
2018,9,"CIUDAD DE MÉXICO",9041395,1265,14
2018,5,"COAHUILA DE ZARAGOZA",3132017,241,7.7
2018,6,"COLIMA",760333,629,82.7
2018,10,"DURANGO",1836460,184,10
2018,11,"GUANAJUATO",6117205,2630,43
2018,12,"GUERRERO",3629733,2255,62.1
2018,13,"HIDALGO",3014258,223,7.4
2018,14,"JALISCO",8238991,1994,24.2
2018,15,"MÉXICO",17056666,2458,14.4
2018,16,"MICHOACÁN DE OCAMPO",4757482,1359,28.6
2018,17,"MORELOS",2000527,721,36
2018,18,"NAYARIT",1252363,333,26.6
2018,19,"NUEVO LEÓN",5454848,825,15.1
2018,20,"OAXACA",4096998,1012,24.7
2018,21,"PUEBLA",6478819,1137,17.5
2018,22,"QUERÉTARO",2197938,179,8.1
2018,23,"QUINTANA ROO",1645237,771,46.9
2018,24,"SAN LUIS POTOSÍ",2825157,484,17.1
2018,25,"SINALOA",3104610,1011,32.6
2018,26,"SONORA",3000127,776,25.9
2018,27,"TABASCO",2515926,503,20
2018,28,"TAMAULIPAS",3590486,864,24.1
2018,29,"TLAXCALA",1347932,127,9.4
2018,30,"VERACRUZ DE IGNACIO DE LA LLAVE",8434163,1464,17.4
2018,31,"YUCATÁN",2208236,55,2.5
2018,32,"ZACATECAS",1642388,581,35.4
